,summary,config
0,"{'FOPNG/eval/acc_task_1': 0.5158392434988179, 'FOPNG/eval/acc_task_2': 0.4417238001958864, 'FOPNG/eval/acc_task_3': 0.5240128068303095, 'FOPNG/eval/acc_task_4': 0.4823766364551863, 'FOPNG/eval/acc_task_5': 0.5088250126071608, 'FOPNG/fisher/max': 0.0076720439828932285, 'FOPNG/fisher/mean': 1.7344733350910246e-05, 'FOPNG/fisher/min': 0, 'FOPNG/fisher_overlap/cosine': 1, 'FOPNG/fisher_overlap/pearson': 1, 'FOPNG/fisher_overlap/topk_iou': 1, 'FOPNG/global_epoch': 4, 'FOPNG/memory/G_cols': 80, 'FOPNG/train/loss': 0.676969813002125, '_runtime': 35, '_step': 6, '_timestamp': 1779454333.1864412, '_wandb': {'runtime': 35}, 'task': 1, 'task_completed': 1}","{'lr': 1e-05, 'lam': 0.0005, 'beta': 0.1, 'seed': 42, 'task': 'split_mnist_mh', 'alpha': 0.3, 'model': 'TargetNetwork', 'saved': False, 'epochs': 10, 'warmup': False, 'damping': 0.01, 'methods': ['fopng'], 'normalize': False, 'num_tasks': 5, 'regulizer': False, 'batch_size': 10, 'check_vram': False, 'chunk_size': 1000, 'max_epochs': 5, 'device_mode': 'gpu', 'num_of_tasks': None, 'task_classes': [[0, 1], [2, 3], [4, 5], [6, 7], [8, 9]], 'experiment_id': 402, 'first_task_lr': 1e-05, 'optimizer_cls': None, 'first_task_opt': 'sgd', 'fisher_samples': 12000, 'grads_per_task': 80, 'max_directions': 400, 'fisher_clipping': False, 'hyper_hidden_dim': 16, 'task_embedding_dim': 4, 'chunk_embedding_dim': 10}"
1,"{'FOPNG/global_epoch': 2, 'FOPNG/train/loss': 0.04118332007624968, '_runtime': 18, '_step': 2, '_timestamp': 1779454420.7872765, '_wandb': {'runtime': 18}, 'task': 1}","{'lr': 1e-05, 'lam': 0.0005, 'beta': 0.1, 'seed': 42, 'task': 'split_mnist_mh', 'alpha': 0.3, 'model': 'TargetNetwork', 'saved': False, 'epochs': 10, 'warmup': False, 'damping': 0.01, 'methods': ['fopng'], 'normalize': False, 'num_tasks': 5, 'regulizer': False, 'batch_size': 10, 'check_vram': False, 'chunk_size': 1000, 'max_epochs': 5, 'device_mode': 'gpu', 'num_of_tasks': None, 'task_classes': [[0, 1], [2, 3], [4, 5], [6, 7], [8, 9]], 'experiment_id': 402, 'first_task_lr': 0.001, 'optimizer_cls': None, 'first_task_opt': 'sgd', 'fisher_samples': 12000, 'grads_per_task': 80, 'max_directions': 400, 'fisher_clipping': False, 'hyper_hidden_dim': 16, 'task_embedding_dim': 4, 'chunk_embedding_dim': 10}"
2,"{'FOPNG  Overlapping Accuracies (Colored)': {'_type': 'image-file', 'format': 'png', 'height': 600, 'path': 'media/images/FOPNG  Overlapping Accuracies (Colored)_34_a193de1a83ee1ffff3bc.png', 'sha256': 'a193de1a83ee1ffff3bc722f9e2efad26e873870631e7c4c4e18b750bb93f863', 'size': 65363, 'width': 1000}, 'FOPNG FRECHET CORR MATRIX': {'_type': 'image-file', 'format': 'png', 'height': 600, 'path': 'media/images/FOPNG FRECHET CORR MATRIX_33_d1c09a42ddbc2749bbb7.png', 'sha256': 'd1c09a42ddbc2749bbb723dc5567c24874a2e74d798e53c5389f7692e11cddfa', 'size': 31950, 'width': 800}, 'FOPNG/eval/acc_task_1': 0.9843971631205674, 'FOPNG/eval/acc_task_2': 0.9309500489715964, 'FOPNG/eval/acc_task_3': 0.8303094983991463, 'FOPNG/eval/acc_task_4': 0.9833836858006042, 'FOPNG/eval/acc_task_5': 0.9480584972264248, 'FOPNG/eval/bwt': -0.041583527654778546, 'FOPNG/fisher/max': 0.00600622221827507, 'FOPNG/fisher/mean': 8.806068944977596e-05, 'FOPNG/fisher/min': 0, 'FOPNG/fisher_overlap/cosine': 0.40852412581443787, 'FOPNG/fisher_overlap/pearson': 0.33733069896698, 'FOPNG/fisher_overlap/topk_iou': 0.21170678336980303, 'FOPNG/global_epoch': 22, 'FOPNG/memory/G_cols': 400, 'FOPNG/train/correction_norm': 0.0001649147512333742, 'FOPNG/train/loss': 0.2741242834319503, 'FOPNG/train/raw_rho': 0.9999065468371924, 'FOPNG/train/reg_penalty': 0, 'FOPNG/train/weighted_rho': 0.9997126211049192, '_runtime': 318, '_step': 39, '_timestamp': 1779472836.17532, '_wandb': {'runtime': 318}, 'best/average_accuracy': 0.935419778703668, 'best/bwt': -0.041583527654778546, 'best/results': {'acc': {'1': [0.998581560283688, 0.4941234084231146, 0.5240128068303095, 0.4823766364551863, 0.5088250126071608], '2': [0.9976359338061466, 0.9529872673849168, 0.5240128068303095, 0.4823766364551863, 0.5052950075642966], '3': [0.9976359338061466, 0.9236043095004896, 0.9589114194236926, 0.4823766364551863, 0.5093292990418558], '4': [0.9981087470449173, 0.9299706170421156, 0.8783351120597652, 0.9848942598187312, 0.5088250126071608], '5': [0.9843971631205674, 0.9309500489715964, 0.8303094983991463, 0.9833836858006042, 0.9480584972264248]}, 'bwt': -0.041583527654778546}, 'fopng/eval/average_accuracy': 0.935419778703668, 'fopng/results': {'acc': {'1': [0.998581560283688, 0.4941234084231146, 0.5240128068303095, 0.4823766364551863, 0.5088250126071608], '2': [0.9976359338061466, 0.9529872673849168, 0.5240128068303095, 0.4823766364551863, 0.5052950075642966], '3': [0.9976359338061466, 0.9236043095004896, 0.9589114194236926, 0.4823766364551863, 0.5093292990418558], '4': [0.9981087470449173, 0.9299706170421156, 0.8783351120597652, 0.9848942598187312, 0.5088250126071608], '5': [0.9843971631205674, 0.9309500489715964, 0.8303094983991463, 0.9833836858006042, 0.9480584972264248]}, 'bwt': -0.041583527654778546}, 'task': 5, 'task_completed': 5}","{'lr': 1e-05, 'lam': 0.0005, 'beta': 0.1, 'seed': 42, 'task': 'split_mnist_mh', 'alpha': 0.3, 'model': 'TargetNetwork', 'saved': False, 'epochs': 10, 'warmup': False, 'damping': 0.01, 'methods': ['fopng'], 'normalize': False, 'num_tasks': 5, 'regulizer': False, 'batch_size': 10, 'check_vram': False, 'chunk_size': 1000, 'max_epochs': 5, 'device_mode': 'gpu', 'num_of_tasks': None, 'task_classes': [[0, 1], [2, 3], [4, 5], [6, 7], [8, 9]], 'experiment_id': 402, 'first_task_lr': 0.001, 'optimizer_cls': None, 'first_task_opt': 'sgd', 'fisher_samples': 12000, 'grads_per_task': 80, 'max_directions': 400, 'fisher_clipping': False, 'hyper_hidden_dim': 16, 'task_embedding_dim': 4, 'chunk_embedding_dim': 10}"
3,"{'FOPNG  Overlapping Accuracies (Colored)': {'_type': 'image-file', 'format': 'png', 'height': 600, 'path': 'media/images/FOPNG  Overlapping Accuracies (Colored)_34_1f4085af4d49245c1936.png', 'sha256': '1f4085af4d49245c193618aeefcdeec4898204030f6705498828097d5e134345', 'size': 64896, 'width': 1000}, 'FOPNG FRECHET CORR MATRIX': {'_type': 'image-file', 'format': 'png', 'height': 600, 'path': 'media/images/FOPNG FRECHET CORR MATRIX_33_01c44d9619c48f7c89bf.png', 'sha256': '01c44d9619c48f7c89bffef8ce4ad1fbe80468c9c48b8a9bd1a886fea6ce1cb5', 'size': 32784, 'width': 800}, 'FOPNG/eval/acc_task_1': 0.9981087470449173, 'FOPNG/eval/acc_task_2': 0.930460333006856, 'FOPNG/eval/acc_task_3': 0.9551760939167556, 'FOPNG/eval/acc_task_4': 0.9793554884189324, 'FOPNG/eval/acc_task_5': 0.9374684820978316, 'FOPNG/eval/bwt': -0.01112923716317088, 'FOPNG/fisher/max': 0.00957128219306469, 'FOPNG/fisher/mean': 9.705513366498052e-05, 'FOPNG/fisher/min': 0, 'FOPNG/fisher_overlap/cosine': 0.39627188444137573, 'FOPNG/fisher_overlap/pearson': 0.3395674228668213, 'FOPNG/fisher_overlap/topk_iou': 0.2093912093912094, 'FOPNG/global_epoch': 22, 'FOPNG/memory/G_cols': 400, 'FOPNG/train/correction_norm': 0.0003527773899912649, 'FOPNG/train/loss': 0.36224339322771054, 'FOPNG/train/raw_rho': 0.9998790291911464, 'FOPNG/train/reg_penalty': 0, 'FOPNG/train/weighted_rho': 0.9995005883402744, '_runtime': 287, '_step': 39, '_timestamp': 1779473134.381306, '_wandb': {'runtime': 287}, 'best/average_accuracy': 0.9601138288970584, 'best/bwt': -0.01112923716317088, 'best/results': {'acc': {'1': [0.9981087470449173, 0.5984329089128305, 0.5240128068303095, 0.5181268882175226, 0.4911749873928392], '2': [0.9981087470449173, 0.9559255631733594, 0.5240128068303095, 0.8076535750251762, 0.4911749873928392], '3': [0.9981087470449173, 0.94564152791381, 0.9626467449306296, 0.7512588116817724, 0.491679273827534], '4': [0.9981087470449173, 0.9275220372184132, 0.9381003201707576, 0.9909365558912386, 0.49067070095814425], '5': [0.9981087470449173, 0.930460333006856, 0.9551760939167556, 0.9793554884189324, 0.9374684820978316]}, 'bwt': -0.01112923716317088}, 'fopng/eval/average_accuracy': 0.9601138288970584, 'fopng/results': {'acc': {'1': [0.9981087470449173, 0.5984329089128305, 0.5240128068303095, 0.5181268882175226, 0.4911749873928392], '2': [0.9981087470449173, 0.9559255631733594, 0.5240128068303095, 0.8076535750251762, 0.4911749873928392], '3': [0.9981087470449173, 0.94564152791381, 0.9626467449306296, 0.7512588116817724, 0.491679273827534], '4': [0.9981087470449173, 0.9275220372184132, 0.9381003201707576, 0.9909365558912386, 0.49067070095814425], '5': [0.9981087470449173, 0.930460333006856, 0.9551760939167556, 0.9793554884189324, 0.9374684820978316]}, 'bwt': -0.01112923716317088}, 'task': 5, 'task_completed': 5}","{'lr': 1e-05, 'lam': 0.0005, 'beta': 0.1, 'seed': 1234, 'task': 'split_mnist_mh', 'alpha': 0.3, 'model': 'TargetNetwork', 'saved': False, 'epochs': 10, 'warmup': False, 'damping': 0.01, 'methods': ['fopng'], 'normalize': False, 'num_tasks': 5, 'regulizer': False, 'batch_size': 10, 'check_vram': False, 'chunk_size': 1000, 'max_epochs': 5, 'device_mode': 'gpu', 'num_of_tasks': None, 'task_classes': [[0, 1], [2, 3], [4, 5], [6, 7], [8, 9]], 'experiment_id': 402, 'first_task_lr': 0.001, 'optimizer_cls': None, 'first_task_opt': 'sgd', 'fisher_samples': 12000, 'grads_per_task': 80, 'max_directions': 400, 'fisher_clipping': False, 'hyper_hidden_dim': 16, 'task_embedding_dim': 4, 'chunk_embedding_dim': 10}"
4,"{'FOPNG  Overlapping Accuracies (Colored)': {'_type': 'image-file', 'format': 'png', 'height': 600, 'path': 'media/images/FOPNG  Overlapping Accuracies (Colored)_34_fa58e578d90d1671dad1.png', 'sha256': 'fa58e578d90d1671dad155d4060498e8b149228ad07644f6ff0720caac33fb52', 'size': 67019, 'width': 1000}, 'FOPNG FRECHET CORR MATRIX': {'_type': 'image-file', 'format': 'png', 'height': 600, 'path': 'media/images/FOPNG FRECHET CORR MATRIX_33_b7a196de70abb417b7b8.png', 'sha256': 'b7a196de70abb417b7b8724b94fa179455cf8a9aeeefc94f45e647ae378efd1a', 'size': 32449, 'width': 800}, 'FOPNG/eval/acc_task_1': 0.998581560283688, 'FOPNG/eval/acc_task_2': 0.9363369245837414, 'FOPNG/eval/acc_task_3': 0.955709711846318, 'FOPNG/eval/acc_task_4': 0.9843907351460222, 'FOPNG/eval/acc_task_5': 0.94654563792234, 'FOPNG/eval/bwt': -0.006352856209503904, 'FOPNG/fisher/max': 0.008393210358917713, 'FOPNG/fisher/mean': 9.929665975505486e-05, 'FOPNG/fisher/min': 0, 'FOPNG/fisher_overlap/cosine': 0.4181610941886902, 'FOPNG/fisher_overlap/pearson': 0.3597407341003418, 'FOPNG/fisher_overlap/topk_iou': 0.18054630246502332, 'FOPNG/global_epoch': 22, 'FOPNG/memory/G_cols': 400, 'FOPNG/train/correction_norm': 0.0003156251662511426, 'FOPNG/train/loss': 0.3063692005130194, 'FOPNG/train/raw_rho': 0.99988358429933, 'FOPNG/train/reg_penalty': 0, 'FOPNG/train/weighted_rho': 0.9995323845895672, '_runtime': 283, '_step': 39, '_timestamp': 1779473426.927879, '_wandb': {'runtime': 283}, 'best/average_accuracy': 0.964312913956422, 'best/bwt': -0.006352856209503904, 'best/results': {'acc': {'1': [0.998581560283688, 0.5053868756121449, 0.5240128068303095, 0.4823766364551863, 0.4911749873928392], '2': [0.998581560283688, 0.9583741429970616, 0.5757737459978656, 0.6681772406847936, 0.4553706505295008], '3': [0.998581560283688, 0.935847208619001, 0.953041622198506, 0.4808660624370594, 0.5325264750378215], '4': [0.998581560283688, 0.9353574926542604, 0.9455709711846318, 0.9904330312185295, 0.49067070095814425], '5': [0.998581560283688, 0.9363369245837414, 0.955709711846318, 0.9843907351460222, 0.94654563792234]}, 'bwt': -0.006352856209503904}, 'fopng/eval/average_accuracy': 0.964312913956422, 'fopng/results': {'acc': {'1': [0.998581560283688, 0.5053868756121449, 0.5240128068303095, 0.4823766364551863, 0.4911749873928392], '2': [0.998581560283688, 0.9583741429970616, 0.5757737459978656, 0.6681772406847936, 0.4553706505295008], '3': [0.998581560283688, 0.935847208619001, 0.953041622198506, 0.4808660624370594, 0.5325264750378215], '4': [0.998581560283688, 0.9353574926542604, 0.9455709711846318, 0.9904330312185295, 0.49067070095814425], '5': [0.998581560283688, 0.9363369245837414, 0.955709711846318, 0.9843907351460222, 0.94654563792234]}, 'bwt': -0.006352856209503904}, 'task': 5, 'task_completed': 5}","{'lr': 1e-05, 'lam': 0.0005, 'beta': 0.1, 'seed': 811, 'task': 'split_mnist_mh', 'alpha': 0.3, 'model': 'TargetNetwork', 'saved': False, 'epochs': 10, 'warmup': False, 'damping': 0.01, 'methods': ['fopng'], 'normalize': False, 'num_tasks': 5, 'regulizer': False, 'batch_size': 10, 'check_vram': False, 'chunk_size': 1000, 'max_epochs': 5, 'device_mode': 'gpu', 'num_of_tasks': None, 'task_classes': [[0, 1], [2, 3], [4, 5], [6, 7], [8, 9]], 'experiment_id': 402, 'first_task_lr': 0.001, 'optimizer_cls': None, 'first_task_opt': 'sgd', 'fisher_samples': 12000, 'grads_per_task': 80, 'max_directions': 400, 'fisher_clipping': False, 'hyper_hidden_dim': 16, 'task_embedding_dim': 4, 'chunk_embedding_dim': 10}"
5,"{'OGD  Overlapping Accuracies (Colored)': {'_type': 'image-file', 'format': 'png', 'height': 600, 'path': 'media/images/OGD  Overlapping Accuracies (Colored)_28_d26e24c451c13d02413c.png', 'sha256': 'd26e24c451c13d02413c7f5df9bdaf496bf195d8bbc21ae15871d0a502e42664', 'size': 57784, 'width': 1000}, 'OGD/eval/acc_task_1': 0.998581560283688, 'OGD/eval/acc_task_2': 0.9549461312438784, 'OGD/eval/acc_task_3': 0.9370330843116328, 'OGD/eval/acc_task_4': 0.9869083585095668, 'OGD/eval/acc_task_5': 0.9435199193141705, 'OGD/eval/bwt': -0.0028032477192702354, 'OGD/global_epoch': 22, 'OGD/train/correction_norm': 0.3536941110708956, 'OGD/train/loss': 0.32617458512974995, 'OGD/train/raw_rho': 0.8446742111848573, 'OGD/train/reg_penalty': 0, 'OGD/train/weighted_rho': 0.8446742111848573, '_runtime': 253, '_step': 33, '_timestamp': 1779473689.0825078, '_wandb': {'runtime': 253}, 'best/average_accuracy': 0.9641978107325876, 'best/bwt': -0.0028032477192702354, 'best/results': {'acc': {'1': [0.998581560283688, 0.4941234084231146, 0.5240128068303095, 0.4823766364551863, 0.5088250126071608], '2': [0.998581560283688, 0.9485798237022528, 0.5240128068303095, 0.4823766364551863, 0.5088250126071608], '3': [0.998581560283688, 0.9451518119490696, 0.9541088580576308, 0.4823766364551863, 0.5254664649520928], '4': [0.9981087470449173, 0.9559255631733594, 0.9461045891141944, 0.987411883182276, 0.5310136157337367], '5': [0.998581560283688, 0.9549461312438784, 0.9370330843116328, 0.9869083585095668, 0.9435199193141705]}, 'bwt': -0.0028032477192702354}, 'ogd/eval/average_accuracy': 0.9641978107325876, 'ogd/results': {'acc': {'1': [0.998581560283688, 0.4941234084231146, 0.5240128068303095, 0.4823766364551863, 0.5088250126071608], '2': [0.998581560283688, 0.9485798237022528, 0.5240128068303095, 0.4823766364551863, 0.5088250126071608], '3': [0.998581560283688, 0.9451518119490696, 0.9541088580576308, 0.4823766364551863, 0.5254664649520928], '4': [0.9981087470449173, 0.9559255631733594, 0.9461045891141944, 0.987411883182276, 0.5310136157337367], '5': [0.998581560283688, 0.9549461312438784, 0.9370330843116328, 0.9869083585095668, 0.9435199193141705]}, 'bwt': -0.0028032477192702354}, 'task': 5, 'task_completed': 5}","{'lr': 0.0005, 'lam': 0.001, 'beta': 0.1, 'seed': 42, 'task': 'split_mnist_mh', 'alpha': 0.3, 'model': 'TargetNetwork', 'saved': False, 'epochs': 10, 'warmup': False, 'damping': 0.01, 'methods': ['ogd'], 'normalize': False, 'num_tasks': 5, 'regulizer': False, 'batch_size': 10, 'check_vram': False, 'chunk_size': 1000, 'max_epochs': 5, 'device_mode': 'gpu', 'num_of_tasks': None, 'task_classes': [[0, 1], [2, 3], [4, 5], [6, 7], [8, 9]], 'experiment_id': 402, 'first_task_lr': 0.001, 'optimizer_cls': None, 'first_task_opt': 'sgd', 'fisher_samples': 12000, 'grads_per_task': 80, 'max_directions': 400, 'fisher_clipping': False, 'hyper_hidden_dim': 16, 'task_embedding_dim': 4, 'chunk_embedding_dim': 10}"
6,"{'OGD  Overlapping Accuracies (Colored)': {'_type': 'image-file', 'format': 'png', 'height': 600, 'path': 'media/images/OGD  Overlapping Accuracies (Colored)_28_2d4e7abdbe5349f7b026.png', 'sha256': '2d4e7abdbe5349f7b026139954b0ea9b928940241c2277a88117f30621e4dbab', 'size': 61655, 'width': 1000}, 'OGD/eval/acc_task_1': 0.9976359338061466, 'OGD/eval/acc_task_2': 0.9373163565132224, 'OGD/eval/acc_task_3': 0.9503735325506936, 'OGD/eval/acc_task_4': 0.9889224572004028, 'OGD/eval/acc_task_5': 0.939989914271306, 'OGD/eval/bwt': -0.006351161370070746, 'OGD/global_epoch': 22, 'OGD/train/correction_norm': 0.35981615983833704, 'OGD/train/loss': 0.3396584420259726, 'OGD/train/raw_rho': 0.8614712169109765, 'OGD/train/reg_penalty': 0, 'OGD/train/weighted_rho': 0.8614712169109765, '_runtime': 259, '_step': 33, '_timestamp': 1779473959.381582, '_wandb': {'runtime': 259}, 'best/average_accuracy': 0.9628476388683544, 'best/bwt': -0.006351161370070746, 'best/results': {'acc': {'1': [0.9981087470449173, 0.5984329089128305, 0.5240128068303095, 0.5181268882175226, 0.4911749873928392], '2': [0.9981087470449173, 0.9505386875612144, 0.5245464247598719, 0.7875125881168177, 0.4911749873928392], '3': [0.9981087470449173, 0.950048971596474, 0.9615795090715048, 0.8141993957703928, 0.491679273827534], '4': [0.9981087470449173, 0.9524975514201764, 0.9514407684098186, 0.9894259818731118, 0.4881492687846697], '5': [0.9976359338061466, 0.9373163565132224, 0.9503735325506936, 0.9889224572004028, 0.939989914271306]}, 'bwt': -0.006351161370070746}, 'ogd/eval/average_accuracy': 0.9628476388683544, 'ogd/results': {'acc': {'1': [0.9981087470449173, 0.5984329089128305, 0.5240128068303095, 0.5181268882175226, 0.4911749873928392], '2': [0.9981087470449173, 0.9505386875612144, 0.5245464247598719, 0.7875125881168177, 0.4911749873928392], '3': [0.9981087470449173, 0.950048971596474, 0.9615795090715048, 0.8141993957703928, 0.491679273827534], '4': [0.9981087470449173, 0.9524975514201764, 0.9514407684098186, 0.9894259818731118, 0.4881492687846697], '5': [0.9976359338061466, 0.9373163565132224, 0.9503735325506936, 0.9889224572004028, 0.939989914271306]}, 'bwt': -0.006351161370070746}, 'task': 5, 'task_completed': 5}","{'lr': 0.0005, 'lam': 0.001, 'beta': 0.1, 'seed': 1234, 'task': 'split_mnist_mh', 'alpha': 0.3, 'model': 'TargetNetwork', 'saved': False, 'epochs': 10, 'warmup': False, 'damping': 0.01, 'methods': ['ogd'], 'normalize': False, 'num_tasks': 5, 'regulizer': False, 'batch_size': 10, 'check_vram': False, 'chunk_size': 1000, 'max_epochs': 5, 'device_mode': 'gpu', 'num_of_tasks': None, 'task_classes': [[0, 1], [2, 3], [4, 5], [6, 7], [8, 9]], 'experiment_id': 402, 'first_task_lr': 0.001, 'optimizer_cls': None, 'first_task_opt': 'sgd', 'fisher_samples': 12000, 'grads_per_task': 80, 'max_directions': 400, 'fisher_clipping': False, 'hyper_hidden_dim': 16, 'task_embedding_dim': 4, 'chunk_embedding_dim': 10}"
7,"{'OGD  Overlapping Accuracies (Colored)': {'_type': 'image-file', 'format': 'png', 'height': 600, 'path': 'media/images/OGD  Overlapping Accuracies (Colored)_28_b9c1df459902c1e0c17a.png', 'sha256': 'b9c1df459902c1e0c17ab972d53f0a131d77cc93a2dc46a0c23d65bd52f57555', 'size': 66280, 'width': 1000}, 'OGD/eval/acc_task_1': 0.998581560283688, 'OGD/eval/acc_task_2': 0.9564152791381, 'OGD/eval/acc_task_3': 0.9370330843116328, 'OGD/eval/acc_task_4': 0.9879154078549848, 'OGD/eval/acc_task_5': 0.9415027735753908, 'OGD/eval/bwt': 0.0007790948721617674, 'OGD/global_epoch': 22, 'OGD/train/correction_norm': 0.34186715387691885, 'OGD/train/loss': 0.3192562753492493, 'OGD/train/raw_rho': 0.8872473767248251, 'OGD/train/reg_penalty': 0, 'OGD/train/weighted_rho': 0.8872473767248251, '_runtime': 246, '_step': 33, '_timestamp': 1779474214.645901, '_wandb': {'runtime': 246}, 'best/average_accuracy': 0.9642896210327594, 'best/bwt': 0.0007790948721617674, 'best/results': {'acc': {'1': [0.998581560283688, 0.5053868756121449, 0.5240128068303095, 0.4823766364551863, 0.4911749873928392], '2': [0.9990543735224586, 0.954456415279138, 0.6136606189967982, 0.4838872104733132, 0.44780635400907715], '3': [0.9995271867612292, 0.9490695396669931, 0.9343649946638208, 0.4823766364551863, 0.6046394351991932], '4': [0.998581560283688, 0.9466209598432908, 0.9295624332977588, 0.9894259818731118, 0.4911749873928392], '5': [0.998581560283688, 0.9564152791381, 0.9370330843116328, 0.9879154078549848, 0.9415027735753908]}, 'bwt': 0.0007790948721617674}, 'ogd/eval/average_accuracy': 0.9642896210327594, 'ogd/results': {'acc': {'1': [0.998581560283688, 0.5053868756121449, 0.5240128068303095, 0.4823766364551863, 0.4911749873928392], '2': [0.9990543735224586, 0.954456415279138, 0.6136606189967982, 0.4838872104733132, 0.44780635400907715], '3': [0.9995271867612292, 0.9490695396669931, 0.9343649946638208, 0.4823766364551863, 0.6046394351991932], '4': [0.998581560283688, 0.9466209598432908, 0.9295624332977588, 0.9894259818731118, 0.4911749873928392], '5': [0.998581560283688, 0.9564152791381, 0.9370330843116328, 0.9879154078549848, 0.9415027735753908]}, 'bwt': 0.0007790948721617674}, 'task': 5, 'task_completed': 5}","{'lr': 0.0005, 'lam': 0.001, 'beta': 0.1, 'seed': 811, 'task': 'split_mnist_mh', 'alpha': 0.3, 'model': 'TargetNetwork', 'saved': False, 'epochs': 10, 'warmup': False, 'damping': 0.01, 'methods': ['ogd'], 'normalize': False, 'num_tasks': 5, 'regulizer': False, 'batch_size': 10, 'check_vram': False, 'chunk_size': 1000, 'max_epochs': 5, 'device_mode': 'gpu', 'num_of_tasks': None, 'task_classes': [[0, 1], [2, 3], [4, 5], [6, 7], [8, 9]], 'experiment_id': 402, 'first_task_lr': 0.001, 'optimizer_cls': None, 'first_task_opt': 'sgd', 'fisher_samples': 12000, 'grads_per_task': 80, 'max_directions': 400, 'fisher_clipping': False, 'hyper_hidden_dim': 16, 'task_embedding_dim': 4, 'chunk_embedding_dim': 10}"
8,"{'ONG  Overlapping Accuracies (Colored)': {'_type': 'image-file', 'format': 'png', 'height': 600, 'path': 'media/images/ONG  Overlapping Accuracies (Colored)_28_155cd4819f36d194aa95.png', 'sha256': '155cd4819f36d194aa95a931040ebe7265a64e1b89fd71921d006d4af7b56ec9', 'size': 71362, 'width': 1000}, 'ONG FRECHET CORR MATRIX': {'_type': 'image-file', 'format': 'png', 'height': 600, 'path': 'media/images/ONG FRECHET CORR MATRIX_27_6458e75a5c3a054e7195.png', 'sha256': '6458e75a5c3a054e719571b984ab062b3d3a3618a739e4726b08e546e835cdba', 'size': 32648, 'width': 800}, 'ONG/eval/acc_task_1': 0.4085106382978723, 'ONG/eval/acc_task_2': 0.9378060724779628, 'ONG/eval/acc_task_3': 0.9818569903948772, 'ONG/eval/acc_task_4': 0.9924471299093656, 'ONG/eval/acc_task_5': 0.9742813918305596, 'ONG/eval/bwt': -0.1601798575361651, 'ONG/fisher/max': 0.031647372990846634, 'ONG/fisher/mean': 0.0005513661890290678, 'ONG/fisher/min': 0, 'ONG/fisher_overlap/cosine': 0.17680637538433075, 'ONG/fisher_overlap/pearson': 0.07784811407327652, 'ONG/fisher_overlap/topk_iou': 0.1307510688532959, 'ONG/global_epoch': 16, 'ONG/memory/G_cols': 400, 'ONG/train/correction_norm': 177.65308237772743, 'ONG/train/loss': 0.1516620955012987, 'ONG/train/raw_rho': 0.8440978140649149, 'ONG/train/reg_penalty': 0, 'ONG/train/weighted_rho': 0.8172153009070178, '_runtime': 224, '_step': 33, '_timestamp': 1779474447.678167, '_wandb': {'runtime': 224}, 'best/average_accuracy': 0.8589804445821274, 'best/bwt': -0.1601798575361651, 'best/results': {'acc': {'1': [0.998581560283688, 0.4941234084231146, 0.5240128068303095, 0.4823766364551863, 0.5088250126071608], '2': [0.7451536643026004, 0.9779627815866796, 0.5240128068303095, 0.4823766364551863, 0.5088250126071608], '3': [0.5442080378250591, 0.9671890303623898, 0.9893276414087512, 0.4823766364551863, 0.5083207261724659], '4': [0.357919621749409, 0.9564152791381, 0.9770544290288152, 0.9954682779456192, 0.5088250126071608], '5': [0.4085106382978723, 0.9378060724779628, 0.9818569903948772, 0.9924471299093656, 0.9742813918305596]}, 'bwt': -0.1601798575361651}, 'ong/eval/average_accuracy': 0.8589804445821274, 'ong/results': {'acc': {'1': [0.998581560283688, 0.4941234084231146, 0.5240128068303095, 0.4823766364551863, 0.5088250126071608], '2': [0.7451536643026004, 0.9779627815866796, 0.5240128068303095, 0.4823766364551863, 0.5088250126071608], '3': [0.5442080378250591, 0.9671890303623898, 0.9893276414087512, 0.4823766364551863, 0.5083207261724659], '4': [0.357919621749409, 0.9564152791381, 0.9770544290288152, 0.9954682779456192, 0.5088250126071608], '5': [0.4085106382978723, 0.9378060724779628, 0.9818569903948772, 0.9924471299093656, 0.9742813918305596]}, 'bwt': -0.1601798575361651}, 'task': 5, 'task_completed': 5}","{'lr': 0.0005, 'lam': 0.001, 'beta': 0.1, 'seed': 42, 'task': 'split_mnist_mh', 'alpha': 0.3, 'model': 'TargetNetwork', 'saved': False, 'epochs': 10, 'warmup': False, 'damping': 0.01, 'methods': ['ong'], 'normalize': False, 'num_tasks': 5, 'regulizer': False, 'batch_size': 10, 'check_vram': False, 'chunk_size': 1000, 'max_epochs': 5, 'device_mode': 'gpu', 'num_of_tasks': None, 'task_classes': [[0, 1], [2, 3], [4, 5], [6, 7], [8, 9]], 'experiment_id': 402, 'first_task_lr': 0.001, 'optimizer_cls': None, 'first_task_opt': 'sgd', 'fisher_samples': 12000, 'grads_per_task': 80, 'max_directions': 400, 'fisher_clipping': False, 'hyper_hidden_dim': 16, 'task_embedding_dim': 4, 'chunk_embedding_dim': 10}"
9,"{'ONG  Overlapping Accuracies (Colored)': {'_type': 'image-file', 'format': 'png', 'height': 600, 'path': 'media/images/ONG  Overlapping Accuracies (Colored)_27_b0901b4c1111342e112d.png', 'sha256': 'b0901b4c1111342e112d4041e3bdd12b922cbdf3de9d119176b05495d480b67b', 'size': 81299, 'width': 1000}, 'ONG FRECHET CORR MATRIX': {'_type': 'image-file', 'format': 'png', 'height': 600, 'path': 'media/images/ONG FRECHET CORR MATRIX_26_6142240d31797c4a5fbd.png', 'sha256': '6142240d31797c4a5fbd590045b484fb3725941d2c466d56a62e730299620367', 'size': 31942, 'width': 800}, 'ONG/eval/acc_task_1': 0.5375886524822695, 'ONG/eval/acc_task_2': 0.8648383937316356, 'ONG/eval/acc_task_3': 0.9797225186766276, 'ONG/eval/acc_task_4': 0.9828801611278952, 'ONG/eval/acc_task_5': 0.9742813918305596, 'ONG/eval/bwt': -0.149244738262085, 'ONG/fisher/max': 0.02621043659746647, 'ONG/fisher/mean': 0.0005930783809162676, 'ONG/fisher/min': 0, 'ONG/fisher_overlap/cosine': 0.13626916706562042, 'ONG/fisher_overlap/pearson': 0.04325272887945175, 'ONG/fisher_overlap/topk_iou': 0.10267579340385811, 'ONG/global_epoch': 15, 'ONG/memory/G_cols': 400, 'ONG/train/correction_norm': 147.7998232119142, 'ONG/train/loss': 0.16920342351960074, 'ONG/train/raw_rho': 0.8620357124482171, 'ONG/train/reg_penalty': 0, 'ONG/train/weighted_rho': 0.8357227988351704, '_runtime': 214, '_step': 32, '_timestamp': 1779474672.5092392, '_wandb': {'runtime': 214}, 'best/average_accuracy': 0.8678622235697976, 'best/bwt': -0.149244738262085, 'best/results': {'acc': {'1': [0.9981087470449173, 0.5984329089128305, 0.5240128068303095, 0.5181268882175226, 0.4911749873928392], '2': [0.7163120567375887, 0.9774730656219393, 0.5240128068303095, 0.8444108761329305, 0.5234493192133132], '3': [0.7243498817966904, 0.9755142017629774, 0.991462113127001, 0.5463242698892246, 0.4911749873928392], '4': [0.7588652482269503, 0.9559255631733594, 0.9866595517609392, 0.9949647532729105, 0.49067070095814425], '5': [0.5375886524822695, 0.8648383937316356, 0.9797225186766276, 0.9828801611278952, 0.9742813918305596]}, 'bwt': -0.149244738262085}, 'ong/eval/average_accuracy': 0.8678622235697976, 'ong/results': {'acc': {'1': [0.9981087470449173, 0.5984329089128305, 0.5240128068303095, 0.5181268882175226, 0.4911749873928392], '2': [0.7163120567375887, 0.9774730656219393, 0.5240128068303095, 0.8444108761329305, 0.5234493192133132], '3': [0.7243498817966904, 0.9755142017629774, 0.991462113127001, 0.5463242698892246, 0.4911749873928392], '4': [0.7588652482269503, 0.9559255631733594, 0.9866595517609392, 0.9949647532729105, 0.49067070095814425], '5': [0.5375886524822695, 0.8648383937316356, 0.9797225186766276, 0.9828801611278952, 0.9742813918305596]}, 'bwt': -0.149244738262085}, 'task': 5, 'task_completed': 5}","{'lr': 0.0005, 'lam': 0.001, 'beta': 0.1, 'seed': 1234, 'task': 'split_mnist_mh', 'alpha': 0.3, 'model': 'TargetNetwork', 'saved': False, 'epochs': 10, 'warmup': False, 'damping': 0.01, 'methods': ['ong'], 'normalize': False, 'num_tasks': 5, 'regulizer': False, 'batch_size': 10, 'check_vram': False, 'chunk_size': 1000, 'max_epochs': 5, 'device_mode': 'gpu', 'num_of_tasks': None, 'task_classes': [[0, 1], [2, 3], [4, 5], [6, 7], [8, 9]], 'experiment_id': 402, 'first_task_lr': 0.001, 'optimizer_cls': None, 'first_task_opt': 'sgd', 'fisher_samples': 12000, 'grads_per_task': 80, 'max_directions': 400, 'fisher_clipping': False, 'hyper_hidden_dim': 16, 'task_embedding_dim': 4, 'chunk_embedding_dim': 10}"
10,"{'ONG  Overlapping Accuracies (Colored)': {'_type': 'image-file', 'format': 'png', 'height': 600, 'path': 'media/images/ONG  Overlapping Accuracies (Colored)_27_3f73419ac02c6190cf12.png', 'sha256': '3f73419ac02c6190cf12750c7da820340a08617975c306b2f16cb2f74e4df9aa', 'size': 78380, 'width': 1000}, 'ONG FRECHET CORR MATRIX': {'_type': 'image-file', 'format': 'png', 'height': 600, 'path': 'media/images/ONG FRECHET CORR MATRIX_26_e08cdb8d0b1d706d406b.png', 'sha256': 'e08cdb8d0b1d706d406b69a6fc4f851a53ff0bcaefd4997896b45d37525e82de', 'size': 31336, 'width': 800}, 'ONG/eval/acc_task_1': 0.5517730496453901, 'ONG/eval/acc_task_2': 0.975024485798237, 'ONG/eval/acc_task_3': 0.9845250800426896, 'ONG/eval/acc_task_4': 0.9939577039274924, 'ONG/eval/acc_task_5': 0.9752899646999496, 'ONG/eval/bwt': -0.11337743733740364, 'ONG/fisher/max': 0.0176375862210989, 'ONG/fisher/mean': 0.000551487086340785, 'ONG/fisher/min': 0, 'ONG/fisher_overlap/cosine': 0.3114672303199768, 'ONG/fisher_overlap/pearson': 0.19167202711105347, 'ONG/fisher_overlap/topk_iou': 0.10798474332520476, 'ONG/global_epoch': 15, 'ONG/memory/G_cols': 400, 'ONG/train/correction_norm': 189.12202163942345, 'ONG/train/loss': 0.15115129787986772, 'ONG/train/raw_rho': 0.8317500442140183, 'ONG/train/reg_penalty': 0, 'ONG/train/weighted_rho': 0.7737709347010685, '_runtime': 217, '_step': 32, '_timestamp': 1779474899.9171948, '_wandb': {'runtime': 217}, 'best/average_accuracy': 0.8961140568227517, 'best/bwt': -0.11337743733740364, 'best/results': {'acc': {'1': [0.998581560283688, 0.5053868756121449, 0.5240128068303095, 0.4823766364551863, 0.4911749873928392], '2': [0.8368794326241135, 0.9769833496571988, 0.7219850586979722, 0.8086606243705942, 0.5042864346949067], '3': [0.5858156028368794, 0.9686581782566112, 0.9882604055496264, 0.8091641490433031, 0.6157337367624811], '4': [0.4643026004728133, 0.965230166503428, 0.9861259338313768, 0.9949647532729105, 0.5083207261724659], '5': [0.5517730496453901, 0.975024485798237, 0.9845250800426896, 0.9939577039274924, 0.9752899646999496]}, 'bwt': -0.11337743733740364}, 'ong/eval/average_accuracy': 0.8961140568227517, 'ong/results': {'acc': {'1': [0.998581560283688, 0.5053868756121449, 0.5240128068303095, 0.4823766364551863, 0.4911749873928392], '2': [0.8368794326241135, 0.9769833496571988, 0.7219850586979722, 0.8086606243705942, 0.5042864346949067], '3': [0.5858156028368794, 0.9686581782566112, 0.9882604055496264, 0.8091641490433031, 0.6157337367624811], '4': [0.4643026004728133, 0.965230166503428, 0.9861259338313768, 0.9949647532729105, 0.5083207261724659], '5': [0.5517730496453901, 0.975024485798237, 0.9845250800426896, 0.9939577039274924, 0.9752899646999496]}, 'bwt': -0.11337743733740364}, 'task': 5, 'task_completed': 5}","{'lr': 0.0005, 'lam': 0.001, 'beta': 0.1, 'seed': 811, 'task': 'split_mnist_mh', 'alpha': 0.3, 'model': 'TargetNetwork', 'saved': False, 'epochs': 10, 'warmup': False, 'damping': 0.01, 'methods': ['ong'], 'normalize': False, 'num_tasks': 5, 'regulizer': False, 'batch_size': 10, 'check_vram': False, 'chunk_size': 1000, 'max_epochs': 5, 'device_mode': 'gpu', 'num_of_tasks': None, 'task_classes': [[0, 1], [2, 3], [4, 5], [6, 7], [8, 9]], 'experiment_id': 402, 'first_task_lr': 0.001, 'optimizer_cls': None, 'first_task_opt': 'sgd', 'fisher_samples': 12000, 'grads_per_task': 80, 'max_directions': 400, 'fisher_clipping': False, 'hyper_hidden_dim': 16, 'task_embedding_dim': 4, 'chunk_embedding_dim': 10}"
11,"{'FNG  Overlapping Accuracies (Colored)': {'_type': 'image-file', 'format': 'png', 'height': 600, 'path': 'media/images/FNG  Overlapping Accuracies (Colored)_28_475b5046d4bc1e4dc508.png', 'sha256': '475b5046d4bc1e4dc5082209f2f20af4007e1c7b135d49fa91c4469a3a9167c0', 'size': 78912, 'width': 1000}, 'FNG FRECHET CORR MATRIX': {'_type': 'image-file', 'format': 'png', 'height': 600, 'path': 'media/images/FNG FRECHET CORR MATRIX_27_e9553389bfacb6891e4e.png', 'sha256': 'e9553389bfacb6891e4e9ecfc8012c558f290c0cd88b6eed836c90c39dabe40e', 'size': 33672, 'width': 800}, 'FNG/eval/acc_task_1': 0.5877068557919621, 'FNG/eval/acc_task_2': 0.7203721841332027, 'FNG/eval/acc_task_3': 0.9252934898612594, 'FNG/eval/acc_task_4': 0.9939577039274924, 'FNG/eval/acc_task_5': 0.9773071104387292, 'FNG/eval/bwt': -0.1839130768558536, 'FNG/fisher/max': 0.02024010941386223, 'FNG/fisher/mean': 0.0006233113817870617, 'FNG/fisher/min': 0, 'FNG/fisher_overlap/cosine': 0.26286110281944275, 'FNG/fisher_overlap/pearson': 0.16688866913318634, 'FNG/fisher_overlap/topk_iou': 0.1487844408427877, 'FNG/global_epoch': 16, 'FNG/memory/G_cols': 400, 'FNG/train/correction_norm': 0, 'FNG/train/loss': 0.13661498924806292, 'FNG/train/raw_rho': 1, 'FNG/train/reg_penalty': 0, 'FNG/train/weighted_rho': 1, '_runtime': 214, '_step': 33, '_timestamp': 1779475124.9582608, '_wandb': {'runtime': 214}, 'best/average_accuracy': 0.8409274688305292, 'best/bwt': -0.1839130768558536, 'best/results': {'acc': {'1': [0.998581560283688, 0.4941234084231146, 0.5240128068303095, 0.4823766364551863, 0.5088250126071608], '2': [0.7475177304964539, 0.9764936336924585, 0.5240128068303095, 0.4823766364551863, 0.5088250126071608], '3': [0.5380614657210402, 0.6493633692458374, 0.9909284951974386, 0.4823766364551863, 0.5088250126071608], '4': [0.42505910165484634, 0.6469147894221352, 0.9781216648879404, 0.9969788519637462, 0.5088250126071608], '5': [0.5877068557919621, 0.7203721841332027, 0.9252934898612594, 0.9939577039274924, 0.9773071104387292]}, 'bwt': -0.1839130768558536}, 'fng/eval/average_accuracy': 0.8409274688305292, 'fng/results': {'acc': {'1': [0.998581560283688, 0.4941234084231146, 0.5240128068303095, 0.4823766364551863, 0.5088250126071608], '2': [0.7475177304964539, 0.9764936336924585, 0.5240128068303095, 0.4823766364551863, 0.5088250126071608], '3': [0.5380614657210402, 0.6493633692458374, 0.9909284951974386, 0.4823766364551863, 0.5088250126071608], '4': [0.42505910165484634, 0.6469147894221352, 0.9781216648879404, 0.9969788519637462, 0.5088250126071608], '5': [0.5877068557919621, 0.7203721841332027, 0.9252934898612594, 0.9939577039274924, 0.9773071104387292]}, 'bwt': -0.1839130768558536}, 'task': 5, 'task_completed': 5}","{'lr': 0.001, 'lam': 0.001, 'beta': 0.1, 'seed': 42, 'task': 'split_mnist_mh', 'alpha': 0.3, 'model': 'TargetNetwork', 'saved': False, 'epochs': 10, 'warmup': False, 'damping': 0.01, 'methods': ['fng'], 'normalize': False, 'num_tasks': 5, 'regulizer': False, 'batch_size': 10, 'check_vram': False, 'chunk_size': 1000, 'max_epochs': 5, 'device_mode': 'gpu', 'num_of_tasks': None, 'task_classes': [[0, 1], [2, 3], [4, 5], [6, 7], [8, 9]], 'experiment_id': 402, 'first_task_lr': 0.001, 'optimizer_cls': None, 'first_task_opt': 'sgd', 'fisher_samples': 12000, 'grads_per_task': 80, 'max_directions': 400, 'fisher_clipping': False, 'hyper_hidden_dim': 16, 'task_embedding_dim': 4, 'chunk_embedding_dim': 10}"
12,"{'FNG  Overlapping Accuracies (Colored)': {'_type': 'image-file', 'format': 'png', 'height': 600, 'path': 'media/images/FNG  Overlapping Accuracies (Colored)_27_47b6c3c6f9c13fe4c008.png', 'sha256': '47b6c3c6f9c13fe4c008adff67d8031facbefa7735246bea19f7eca865373db9', 'size': 91083, 'width': 1000}, 'FNG FRECHET CORR MATRIX': {'_type': 'image-file', 'format': 'png', 'height': 600, 'path': 'media/images/FNG FRECHET CORR MATRIX_26_d5ede6c232d3ca9058de.png', 'sha256': 'd5ede6c232d3ca9058de237188057bb13c580c58330def4165ae157ed775c8ad', 'size': 34414, 'width': 800}, 'FNG/eval/acc_task_1': 0.5550827423167849, 'FNG/eval/acc_task_2': 0.6753183153770813, 'FNG/eval/acc_task_3': 0.9487726787620064, 'FNG/eval/acc_task_4': 0.9380664652567976, 'FNG/eval/acc_task_5': 0.9742813918305596, 'FNG/eval/bwt': -0.2111921193385244, 'FNG/fisher/max': 0.06542345136404037, 'FNG/fisher/mean': 0.0007157590007409453, 'FNG/fisher/min': 0, 'FNG/fisher_overlap/cosine': 0.0965043306350708, 'FNG/fisher_overlap/pearson': 0.022599738091230392, 'FNG/fisher_overlap/topk_iou': 0.0996648876753134, 'FNG/global_epoch': 15, 'FNG/memory/G_cols': 400, 'FNG/train/correction_norm': 0, 'FNG/train/loss': 0.16846647848116564, 'FNG/train/raw_rho': 1, 'FNG/train/reg_penalty': 0, 'FNG/train/weighted_rho': 1, '_runtime': 200, '_step': 32, '_timestamp': 1779475334.1992092, '_wandb': {'runtime': 200}, 'best/average_accuracy': 0.818304318708646, 'best/bwt': -0.2111921193385244, 'best/results': {'acc': {'1': [0.9981087470449173, 0.5984329089128305, 0.5240128068303095, 0.5181268882175226, 0.4911749873928392], '2': [0.7716312056737589, 0.9774730656219393, 0.5240128068303095, 0.8267875125881168, 0.5264750378214826], '3': [0.6491725768321513, 0.7262487757100882, 0.991462113127001, 0.7074521651560927, 0.7544125063035805], '4': [0.4364066193853428, 0.8266405484818805, 0.9781216648879404, 0.9949647532729105, 0.4921835602622289], '5': [0.5550827423167849, 0.6753183153770813, 0.9487726787620064, 0.9380664652567976, 0.9742813918305596]}, 'bwt': -0.2111921193385244}, 'fng/eval/average_accuracy': 0.818304318708646, 'fng/results': {'acc': {'1': [0.9981087470449173, 0.5984329089128305, 0.5240128068303095, 0.5181268882175226, 0.4911749873928392], '2': [0.7716312056737589, 0.9774730656219393, 0.5240128068303095, 0.8267875125881168, 0.5264750378214826], '3': [0.6491725768321513, 0.7262487757100882, 0.991462113127001, 0.7074521651560927, 0.7544125063035805], '4': [0.4364066193853428, 0.8266405484818805, 0.9781216648879404, 0.9949647532729105, 0.4921835602622289], '5': [0.5550827423167849, 0.6753183153770813, 0.9487726787620064, 0.9380664652567976, 0.9742813918305596]}, 'bwt': -0.2111921193385244}, 'task': 5, 'task_completed': 5}","{'lr': 0.001, 'lam': 0.001, 'beta': 0.1, 'seed': 1234, 'task': 'split_mnist_mh', 'alpha': 0.3, 'model': 'TargetNetwork', 'saved': False, 'epochs': 10, 'warmup': False, 'damping': 0.01, 'methods': ['fng'], 'normalize': False, 'num_tasks': 5, 'regulizer': False, 'batch_size': 10, 'check_vram': False, 'chunk_size': 1000, 'max_epochs': 5, 'device_mode': 'gpu', 'num_of_tasks': None, 'task_classes': [[0, 1], [2, 3], [4, 5], [6, 7], [8, 9]], 'experiment_id': 402, 'first_task_lr': 0.001, 'optimizer_cls': None, 'first_task_opt': 'sgd', 'fisher_samples': 12000, 'grads_per_task': 80, 'max_directions': 400, 'fisher_clipping': False, 'hyper_hidden_dim': 16, 'task_embedding_dim': 4, 'chunk_embedding_dim': 10}"
13,"{'FNG  Overlapping Accuracies (Colored)': {'_type': 'image-file', 'format': 'png', 'height': 600, 'path': 'media/images/FNG  Overlapping Accuracies (Colored)_28_9c4b3bc41ac1210503b5.png', 'sha256': '9c4b3bc41ac1210503b55aef0089b8d2692bca3a7c15dea2add6c8049b5cef14', 'size': 81067, 'width': 1000}, 'FNG FRECHET CORR MATRIX': {'_type': 'image-file', 'format': 'png', 'height': 600, 'path': 'media/images/FNG FRECHET CORR MATRIX_27_7294a884ccb1288b259c.png', 'sha256': '7294a884ccb1288b259c84ff53694b2ab4b41a851301e6829a08708412eea5bf', 'size': 32290, 'width': 800}, 'FNG/eval/acc_task_1': 0.6955082742316785, 'FNG/eval/acc_task_2': 0.9515181194906954, 'FNG/eval/acc_task_3': 0.9818569903948772, 'FNG/eval/acc_task_4': 0.9959718026183284, 'FNG/eval/acc_task_5': 0.977811396873424, 'FNG/eval/bwt': -0.08439843411804732, 'FNG/fisher/max': 0.02112400531768799, 'FNG/fisher/mean': 0.0006454694084823132, 'FNG/fisher/min': 0, 'FNG/fisher_overlap/cosine': 0.2471318393945694, 'FNG/fisher_overlap/pearson': 0.1334601491689682, 'FNG/fisher_overlap/topk_iou': 0.11383493619963544, 'FNG/global_epoch': 16, 'FNG/memory/G_cols': 400, 'FNG/train/correction_norm': 0, 'FNG/train/loss': 0.15792113099575966, 'FNG/train/raw_rho': 1, 'FNG/train/reg_penalty': 0, 'FNG/train/weighted_rho': 1, '_runtime': 220, '_step': 33, '_timestamp': 1779475563.0996735, '_wandb': {'runtime': 220}, 'best/average_accuracy': 0.9205333167218006, 'best/bwt': -0.08439843411804732, 'best/results': {'acc': {'1': [0.998581560283688, 0.5053868756121449, 0.5240128068303095, 0.4823766364551863, 0.4911749873928392], '2': [0.9267139479905436, 0.9764936336924585, 0.7139807897545357, 0.8298086606243706, 0.5032778618255169], '3': [0.806146572104019, 0.941234084231146, 0.9903948772678762, 0.4501510574018127, 0.4130105900151286], '4': [0.7768321513002364, 0.9485798237022528, 0.9909284951974386, 0.9969788519637462, 0.437720625315179], '5': [0.6955082742316785, 0.9515181194906954, 0.9818569903948772, 0.9959718026183284, 0.977811396873424]}, 'bwt': -0.08439843411804732}, 'fng/eval/average_accuracy': 0.9205333167218006, 'fng/results': {'acc': {'1': [0.998581560283688, 0.5053868756121449, 0.5240128068303095, 0.4823766364551863, 0.4911749873928392], '2': [0.9267139479905436, 0.9764936336924585, 0.7139807897545357, 0.8298086606243706, 0.5032778618255169], '3': [0.806146572104019, 0.941234084231146, 0.9903948772678762, 0.4501510574018127, 0.4130105900151286], '4': [0.7768321513002364, 0.9485798237022528, 0.9909284951974386, 0.9969788519637462, 0.437720625315179], '5': [0.6955082742316785, 0.9515181194906954, 0.9818569903948772, 0.9959718026183284, 0.977811396873424]}, 'bwt': -0.08439843411804732}, 'task': 5, 'task_completed': 5}","{'lr': 0.001, 'lam': 0.001, 'beta': 0.1, 'seed': 811, 'task': 'split_mnist_mh', 'alpha': 0.3, 'model': 'TargetNetwork', 'saved': False, 'epochs': 10, 'warmup': False, 'damping': 0.01, 'methods': ['fng'], 'normalize': False, 'num_tasks': 5, 'regulizer': False, 'batch_size': 10, 'check_vram': False, 'chunk_size': 1000, 'max_epochs': 5, 'device_mode': 'gpu', 'num_of_tasks': None, 'task_classes': [[0, 1], [2, 3], [4, 5], [6, 7], [8, 9]], 'experiment_id': 402, 'first_task_lr': 0.001, 'optimizer_cls': None, 'first_task_opt': 'sgd', 'fisher_samples': 12000, 'grads_per_task': 80, 'max_directions': 400, 'fisher_clipping': False, 'hyper_hidden_dim': 16, 'task_embedding_dim': 4, 'chunk_embedding_dim': 10}"
14,"{'EWC/eval/acc_task_1': 0.998581560283688, 'EWC/eval/acc_task_2': 0.4941234084231146, 'EWC/eval/acc_task_3': 0.5240128068303095, 'EWC/eval/acc_task_4': 0.4823766364551863, 'EWC/eval/acc_task_5': 0.5088250126071608, 'EWC/global_epoch': 2, 'EWC/train/loss': 0.04118332007624968, '_runtime': 15, '_step': 3, '_timestamp': 1779475588.5227954, '_wandb': {'runtime': 15}, 'task': 1, 'task_completed': 1}","{'lr': 0.0005, 'lam': 400, 'beta': 0.1, 'seed': 42, 'task': 'split_mnist_mh', 'alpha': 0.3, 'model': 'TargetNetwork', 'saved': False, 'epochs': 10, 'warmup': False, 'damping': 0.01, 'methods': ['ewc'], 'normalize': False, 'num_tasks': 5, 'regulizer': False, 'batch_size': 10, 'check_vram': False, 'chunk_size': 1000, 'max_epochs': 5, 'device_mode': 'gpu', 'num_of_tasks': None, 'task_classes': [[0, 1], [2, 3], [4, 5], [6, 7], [8, 9]], 'experiment_id': 402, 'first_task_lr': 0.001, 'optimizer_cls': None, 'first_task_opt': 'sgd', 'fisher_samples': 12000, 'grads_per_task': 80, 'max_directions': 400, 'fisher_clipping': False, 'hyper_hidden_dim': 16, 'task_embedding_dim': 4, 'chunk_embedding_dim': 10}"
15,"{'EWC/eval/acc_task_1': 0.9981087470449173, 'EWC/eval/acc_task_2': 0.5984329089128305, 'EWC/eval/acc_task_3': 0.5240128068303095, 'EWC/eval/acc_task_4': 0.5181268882175226, 'EWC/eval/acc_task_5': 0.4911749873928392, 'EWC/global_epoch': 2, 'EWC/train/loss': 0.04091407424912163, '_runtime': 13, '_step': 3, '_timestamp': 1779475615.174045, '_wandb': {'runtime': 13}, 'task': 1, 'task_completed': 1}","{'lr': 0.0005, 'lam': 400, 'beta': 0.1, 'seed': 1234, 'task': 'split_mnist_mh', 'alpha': 0.3, 'model': 'TargetNetwork', 'saved': False, 'epochs': 10, 'warmup': False, 'damping': 0.01, 'methods': ['ewc'], 'normalize': False, 'num_tasks': 5, 'regulizer': False, 'batch_size': 10, 'check_vram': False, 'chunk_size': 1000, 'max_epochs': 5, 'device_mode': 'gpu', 'num_of_tasks': None, 'task_classes': [[0, 1], [2, 3], [4, 5], [6, 7], [8, 9]], 'experiment_id': 402, 'first_task_lr': 0.001, 'optimizer_cls': None, 'first_task_opt': 'sgd', 'fisher_samples': 12000, 'grads_per_task': 80, 'max_directions': 400, 'fisher_clipping': False, 'hyper_hidden_dim': 16, 'task_embedding_dim': 4, 'chunk_embedding_dim': 10}"
16,"{'EWC/eval/acc_task_1': 0.998581560283688, 'EWC/eval/acc_task_2': 0.5053868756121449, 'EWC/eval/acc_task_3': 0.5240128068303095, 'EWC/eval/acc_task_4': 0.4823766364551863, 'EWC/eval/acc_task_5': 0.4911749873928392, 'EWC/global_epoch': 2, 'EWC/train/loss': 0.04871893197374496, '_runtime': 15, '_step': 3, '_timestamp': 1779475638.8659456, '_wandb': {'runtime': 15}, 'task': 1, 'task_completed': 1}","{'lr': 0.0005, 'lam': 400, 'beta': 0.1, 'seed': 811, 'task': 'split_mnist_mh', 'alpha': 0.3, 'model': 'TargetNetwork', 'saved': False, 'epochs': 10, 'warmup': False, 'damping': 0.01, 'methods': ['ewc'], 'normalize': False, 'num_tasks': 5, 'regulizer': False, 'batch_size': 10, 'check_vram': False, 'chunk_size': 1000, 'max_epochs': 5, 'device_mode': 'gpu', 'num_of_tasks': None, 'task_classes': [[0, 1], [2, 3], [4, 5], [6, 7], [8, 9]], 'experiment_id': 402, 'first_task_lr': 0.001, 'optimizer_cls': None, 'first_task_opt': 'sgd', 'fisher_samples': 12000, 'grads_per_task': 80, 'max_directions': 400, 'fisher_clipping': False, 'hyper_hidden_dim': 16, 'task_embedding_dim': 4, 'chunk_embedding_dim': 10}"
17,"{'ADAM Overlapping Accuracies': {'_type': 'image-file', 'format': 'png', 'height': 600, 'path': 'media/images/ADAM Overlapping Accuracies_23_b311ab72a37e2e4f76d4.png', 'sha256': 'b311ab72a37e2e4f76d4fd74c116742afd2f31e62ce1eab427c893b751743bed', 'size': 61489, 'width': 1000}, 'ADAM/eval/acc_task_1': 0.9981087470449173, 'ADAM/eval/acc_task_2': 0.9226248775710088, 'ADAM/eval/acc_task_3': 0.9599786552828176, 'ADAM/eval/acc_task_4': 0.988418932527694, 'ADAM/eval/acc_task_5': 0.9702471003530004, 'ADAM/eval/bwt': -0.01993774334010695, 'ADAM/global_epoch': 17, 'ADAM/train/loss': 0.09229948989202472, '_runtime': 68, '_step': 28, '_timestamp': 1779475712.0021276, '_wandb': {'runtime': 68}, 'adam/eval/average_accuracy': 0.9678756625558876, 'adam/results': {'acc': {'1': [0.9990543735224586, 0.4951028403525955, 0.5240128068303095, 0.42799597180261834, 0.5088250126071608], '2': [0.998581560283688, 0.9701273261508324, 0.5240128068303095, 0.48439073514602216, 0.5088250126071608], '3': [0.9990543735224586, 0.951028403525955, 0.9882604055496264, 0.4823766364551863, 0.5088250126071608], '4': [0.998581560283688, 0.9319294809010774, 0.982924226254002, 0.9914400805639476, 0.5088250126071608], '5': [0.9981087470449173, 0.9226248775710088, 0.9599786552828176, 0.988418932527694, 0.9702471003530004]}, 'bwt': -0.01993774334010695}, 'best/average_accuracy': 0.9678756625558876, 'best/bwt': -0.01993774334010695, 'best/results': {'acc': {'1': [0.9990543735224586, 0.4951028403525955, 0.5240128068303095, 0.42799597180261834, 0.5088250126071608], '2': [0.998581560283688, 0.9701273261508324, 0.5240128068303095, 0.48439073514602216, 0.5088250126071608], '3': [0.9990543735224586, 0.951028403525955, 0.9882604055496264, 0.4823766364551863, 0.5088250126071608], '4': [0.998581560283688, 0.9319294809010774, 0.982924226254002, 0.9914400805639476, 0.5088250126071608], '5': [0.9981087470449173, 0.9226248775710088, 0.9599786552828176, 0.988418932527694, 0.9702471003530004]}, 'bwt': -0.01993774334010695}, 'task': 5, 'task_completed': 5}","{'lr': 1e-05, 'lam': 0.001, 'beta': 0.1, 'seed': 42, 'task': 'split_mnist_mh', 'alpha': 0.3, 'model': 'TargetNetwork', 'saved': False, 'epochs': 10, 'warmup': False, 'damping': 0.01, 'methods': ['adam'], 'normalize': False, 'num_tasks': 5, 'regulizer': False, 'batch_size': 10, 'check_vram': False, 'chunk_size': 1000, 'max_epochs': 5, 'device_mode': 'gpu', 'num_of_tasks': None, 'task_classes': [[0, 1], [2, 3], [4, 5], [6, 7], [8, 9]], 'experiment_id': 402, 'first_task_lr': 0.001, 'optimizer_cls': None, 'first_task_opt': 'sgd', 'fisher_samples': 12000, 'grads_per_task': 80, 'max_directions': 400, 'fisher_clipping': False, 'hyper_hidden_dim': 16, 'task_embedding_dim': 4, 'chunk_embedding_dim': 10}"
18,"{'ADAM Overlapping Accuracies': {'_type': 'image-file', 'format': 'png', 'height': 600, 'path': 'media/images/ADAM Overlapping Accuracies_23_6702dd38510a2c3ff8ad.png', 'sha256': '6702dd38510a2c3ff8add0b6c89284808937dcf0725c73f11790b8ffa020843c', 'size': 68246, 'width': 1000}, 'ADAM/eval/acc_task_1': 0.7286052009456265, 'ADAM/eval/acc_task_2': 0.9343780607247796, 'ADAM/eval/acc_task_3': 0.9599786552828176, 'ADAM/eval/acc_task_4': 0.9627391742195368, 'ADAM/eval/acc_task_5': 0.9697428139183056, 'ADAM/eval/bwt': -0.09028860589236752, 'ADAM/global_epoch': 17, 'ADAM/train/loss': 0.09532594368003812, '_runtime': 65, '_step': 28, '_timestamp': 1779475789.0597458, '_wandb': {'runtime': 65}, 'adam/eval/average_accuracy': 0.9110887810182132, 'adam/results': {'acc': {'1': [0.9981087470449173, 0.5705190989226249, 0.5240128068303095, 0.4818731117824773, 0.4911749873928392], '2': [0.9957446808510638, 0.970617042115573, 0.5240128068303095, 0.4813695871097684, 0.4911749873928392], '3': [0.9494089834515368, 0.9578844270323212, 0.9871931696905016, 0.5704934541792548, 0.4911749873928392], '4': [0.9390070921985816, 0.9578844270323212, 0.985058697972252, 0.9909365558912386, 0.4911749873928392], '5': [0.7286052009456265, 0.9343780607247796, 0.9599786552828176, 0.9627391742195368, 0.9697428139183056]}, 'bwt': -0.09028860589236752}, 'best/average_accuracy': 0.9110887810182132, 'best/bwt': -0.09028860589236752, 'best/results': {'acc': {'1': [0.9981087470449173, 0.5705190989226249, 0.5240128068303095, 0.4818731117824773, 0.4911749873928392], '2': [0.9957446808510638, 0.970617042115573, 0.5240128068303095, 0.4813695871097684, 0.4911749873928392], '3': [0.9494089834515368, 0.9578844270323212, 0.9871931696905016, 0.5704934541792548, 0.4911749873928392], '4': [0.9390070921985816, 0.9578844270323212, 0.985058697972252, 0.9909365558912386, 0.4911749873928392], '5': [0.7286052009456265, 0.9343780607247796, 0.9599786552828176, 0.9627391742195368, 0.9697428139183056]}, 'bwt': -0.09028860589236752}, 'task': 5, 'task_completed': 5}","{'lr': 1e-05, 'lam': 0.001, 'beta': 0.1, 'seed': 1234, 'task': 'split_mnist_mh', 'alpha': 0.3, 'model': 'TargetNetwork', 'saved': False, 'epochs': 10, 'warmup': False, 'damping': 0.01, 'methods': ['adam'], 'normalize': False, 'num_tasks': 5, 'regulizer': False, 'batch_size': 10, 'check_vram': False, 'chunk_size': 1000, 'max_epochs': 5, 'device_mode': 'gpu', 'num_of_tasks': None, 'task_classes': [[0, 1], [2, 3], [4, 5], [6, 7], [8, 9]], 'experiment_id': 402, 'first_task_lr': 0.001, 'optimizer_cls': None, 'first_task_opt': 'sgd', 'fisher_samples': 12000, 'grads_per_task': 80, 'max_directions': 400, 'fisher_clipping': False, 'hyper_hidden_dim': 16, 'task_embedding_dim': 4, 'chunk_embedding_dim': 10}"
19,"{'ADAM Overlapping Accuracies': {'_type': 'image-file', 'format': 'png', 'height': 600, 'path': 'media/images/ADAM Overlapping Accuracies_23_9150db9c051ded4f53ec.png', 'sha256': '9150db9c051ded4f53ecf5fac2e81955bad687553921e1179b9adccb743918f3', 'size': 72840, 'width': 1000}, 'ADAM/eval/acc_task_1': 0.9943262411347518, 'ADAM/eval/acc_task_2': 0.8501469147894222, 'ADAM/eval/acc_task_3': 0.982924226254002, 'ADAM/eval/acc_task_4': 0.9889224572004028, 'ADAM/eval/acc_task_5': 0.9697428139183056, 'ADAM/eval/bwt': -0.03283693457072387, 'ADAM/global_epoch': 17, 'ADAM/train/loss': 0.09157685616558764, '_runtime': 62, '_step': 28, '_timestamp': 1779475860.126228, '_wandb': {'runtime': 62}, 'adam/eval/average_accuracy': 0.9572125306593768, 'adam/results': {'acc': {'1': [0.998581560283688, 0.5053868756121449, 0.5229455709711847, 0.4823766364551863, 0.4911749873928392], '2': [0.9981087470449173, 0.9711067580803134, 0.727854855923159, 0.7854984894259819, 0.4911749873928392], '3': [0.9990543735224586, 0.846718903036239, 0.9845250800426896, 0.48338368580060426, 0.3933434190620272], '4': [0.998581560283688, 0.8491674828599413, 0.9834578441835644, 0.9934541792547836, 0.2561775088250126], '5': [0.9943262411347518, 0.8501469147894222, 0.982924226254002, 0.9889224572004028, 0.9697428139183056]}, 'bwt': -0.03283693457072387}, 'best/average_accuracy': 0.9572125306593768, 'best/bwt': -0.03283693457072387, 'best/results': {'acc': {'1': [0.998581560283688, 0.5053868756121449, 0.5229455709711847, 0.4823766364551863, 0.4911749873928392], '2': [0.9981087470449173, 0.9711067580803134, 0.727854855923159, 0.7854984894259819, 0.4911749873928392], '3': [0.9990543735224586, 0.846718903036239, 0.9845250800426896, 0.48338368580060426, 0.3933434190620272], '4': [0.998581560283688, 0.8491674828599413, 0.9834578441835644, 0.9934541792547836, 0.2561775088250126], '5': [0.9943262411347518, 0.8501469147894222, 0.982924226254002, 0.9889224572004028, 0.9697428139183056]}, 'bwt': -0.03283693457072387}, 'task': 5, 'task_completed': 5}","{'lr': 1e-05, 'lam': 0.001, 'beta': 0.1, 'seed': 811, 'task': 'split_mnist_mh', 'alpha': 0.3, 'model': 'TargetNetwork', 'saved': False, 'epochs': 10, 'warmup': False, 'damping': 0.01, 'methods': ['adam'], 'normalize': False, 'num_tasks': 5, 'regulizer': False, 'batch_size': 10, 'check_vram': False, 'chunk_size': 1000, 'max_epochs': 5, 'device_mode': 'gpu', 'num_of_tasks': None, 'task_classes': [[0, 1], [2, 3], [4, 5], [6, 7], [8, 9]], 'experiment_id': 402, 'first_task_lr': 0.001, 'optimizer_cls': None, 'first_task_opt': 'sgd', 'fisher_samples': 12000, 'grads_per_task': 80, 'max_directions': 400, 'fisher_clipping': False, 'hyper_hidden_dim': 16, 'task_embedding_dim': 4, 'chunk_embedding_dim': 10}"
20,"{'SGD Overlapping Accuracies': {'_type': 'image-file', 'format': 'png', 'height': 600, 'path': 'media/images/SGD Overlapping Accuracies_28_ae264cc86ed5b5074f1f.png', 'sha256': 'ae264cc86ed5b5074f1fd94a6c9c2f633d5872972468e2c58ca0c10f2a4cf15e', 'size': 63973, 'width': 1000}, 'SGD/eval/acc_task_1': 0.9957446808510638, 'SGD/eval/acc_task_2': 0.8800195886385896, 'SGD/eval/acc_task_3': 0.9791889007470652, 'SGD/eval/acc_task_4': 0.9838872104733132, 'SGD/eval/acc_task_5': 0.9626828038325768, 'SGD/eval/bwt': -0.019017294866674528, 'SGD/global_epoch': 22, 'SGD/train/loss': 0.13123048999567785, '_runtime': 77, '_step': 33, '_timestamp': 1779475939.9341924, '_wandb': {'runtime': 77}, 'best/average_accuracy': 0.9603046369085216, 'best/bwt': -0.019017294866674528, 'best/results': {'acc': {'1': [0.998581560283688, 0.4936336924583742, 0.5240128068303095, 0.4823766364551863, 0.5088250126071608], '2': [0.997163120567376, 0.9569049951028404, 0.5240128068303095, 0.4823766364551863, 0.5088250126071608], '3': [0.9962174940898344, 0.9025465230166504, 0.967982924226254, 0.4823766364551863, 0.5088250126071608], '4': [0.9966903073286052, 0.9285014691478942, 0.9658484525080042, 0.9914400805639476, 0.5088250126071608], '5': [0.9957446808510638, 0.8800195886385896, 0.9791889007470652, 0.9838872104733132, 0.9626828038325768]}, 'bwt': -0.019017294866674528}, 'sgd/eval/average_accuracy': 0.9603046369085216, 'sgd/results': {'acc': {'1': [0.998581560283688, 0.4936336924583742, 0.5240128068303095, 0.4823766364551863, 0.5088250126071608], '2': [0.997163120567376, 0.9569049951028404, 0.5240128068303095, 0.4823766364551863, 0.5088250126071608], '3': [0.9962174940898344, 0.9025465230166504, 0.967982924226254, 0.4823766364551863, 0.5088250126071608], '4': [0.9966903073286052, 0.9285014691478942, 0.9658484525080042, 0.9914400805639476, 0.5088250126071608], '5': [0.9957446808510638, 0.8800195886385896, 0.9791889007470652, 0.9838872104733132, 0.9626828038325768]}, 'bwt': -0.019017294866674528}, 'task': 5, 'task_completed': 5}","{'lr': 0.0005, 'lam': 0.001, 'beta': 0.1, 'seed': 42, 'task': 'split_mnist_mh', 'alpha': 0.3, 'model': 'TargetNetwork', 'saved': False, 'epochs': 10, 'warmup': False, 'damping': 0.01, 'methods': ['sgd'], 'normalize': False, 'num_tasks': 5, 'regulizer': False, 'batch_size': 10, 'check_vram': False, 'chunk_size': 1000, 'max_epochs': 5, 'device_mode': 'gpu', 'num_of_tasks': None, 'task_classes': [[0, 1], [2, 3], [4, 5], [6, 7], [8, 9]], 'experiment_id': 402, 'first_task_lr': 0.001, 'optimizer_cls': None, 'first_task_opt': 'sgd', 'fisher_samples': 12000, 'grads_per_task': 80, 'max_directions': 400, 'fisher_clipping': False, 'hyper_hidden_dim': 16, 'task_embedding_dim': 4, 'chunk_embedding_dim': 10}"
21,"{'SGD Overlapping Accuracies': {'_type': 'image-file', 'format': 'png', 'height': 600, 'path': 'media/images/SGD Overlapping Accuracies_28_a75d9cbce313c2ce63ca.png', 'sha256': 'a75d9cbce313c2ce63ca669181a74bf241c303e2b8b58963f0a6ea1783ddbf59', 'size': 66744, 'width': 1000}, 'SGD/eval/acc_task_1': 0.9914893617021276, 'SGD/eval/acc_task_2': 0.910871694417238, 'SGD/eval/acc_task_3': 0.9738527214514408, 'SGD/eval/acc_task_4': 0.9894259818731118, 'SGD/eval/acc_task_5': 0.9561270801815432, 'SGD/eval/bwt': -0.012071305993070295, 'SGD/global_epoch': 22, 'SGD/train/loss': 0.14229269821701918, '_runtime': 68, '_step': 33, '_timestamp': 1779476020.8622642, '_wandb': {'runtime': 68}, 'best/average_accuracy': 0.9643533679250922, 'best/bwt': -0.012071305993070295, 'best/results': {'acc': {'1': [0.9976359338061466, 0.6302644466209598, 0.5240128068303095, 0.500503524672709, 0.4911749873928392], '2': [0.9976359338061466, 0.9593535749265426, 0.5245464247598719, 0.8227593152064451, 0.4911749873928392], '3': [0.997163120567376, 0.9118511263467188, 0.9685165421558164, 0.7119838872104733, 0.4911749873928392], '4': [0.9976359338061466, 0.9182174338883448, 0.9535752401280684, 0.988418932527694, 0.4911749873928392], '5': [0.9914893617021276, 0.910871694417238, 0.9738527214514408, 0.9894259818731118, 0.9561270801815432]}, 'bwt': -0.012071305993070295}, 'sgd/eval/average_accuracy': 0.9643533679250922, 'sgd/results': {'acc': {'1': [0.9976359338061466, 0.6302644466209598, 0.5240128068303095, 0.500503524672709, 0.4911749873928392], '2': [0.9976359338061466, 0.9593535749265426, 0.5245464247598719, 0.8227593152064451, 0.4911749873928392], '3': [0.997163120567376, 0.9118511263467188, 0.9685165421558164, 0.7119838872104733, 0.4911749873928392], '4': [0.9976359338061466, 0.9182174338883448, 0.9535752401280684, 0.988418932527694, 0.4911749873928392], '5': [0.9914893617021276, 0.910871694417238, 0.9738527214514408, 0.9894259818731118, 0.9561270801815432]}, 'bwt': -0.012071305993070295}, 'task': 5, 'task_completed': 5}","{'lr': 0.0005, 'lam': 0.001, 'beta': 0.1, 'seed': 1234, 'task': 'split_mnist_mh', 'alpha': 0.3, 'model': 'TargetNetwork', 'saved': False, 'epochs': 10, 'warmup': False, 'damping': 0.01, 'methods': ['sgd'], 'normalize': False, 'num_tasks': 5, 'regulizer': False, 'batch_size': 10, 'check_vram': False, 'chunk_size': 1000, 'max_epochs': 5, 'device_mode': 'gpu', 'num_of_tasks': None, 'task_classes': [[0, 1], [2, 3], [4, 5], [6, 7], [8, 9]], 'experiment_id': 402, 'first_task_lr': 0.001, 'optimizer_cls': None, 'first_task_opt': 'sgd', 'fisher_samples': 12000, 'grads_per_task': 80, 'max_directions': 400, 'fisher_clipping': False, 'hyper_hidden_dim': 16, 'task_embedding_dim': 4, 'chunk_embedding_dim': 10}"
22,"{'SGD Overlapping Accuracies': {'_type': 'image-file', 'format': 'png', 'height': 600, 'path': 'media/images/SGD Overlapping Accuracies_29_b61ac9bb2e9670f5f2f0.png', 'sha256': 'b61ac9bb2e9670f5f2f09c83e7c028334958babc11517f97236f52ba7fbe06ee', 'size': 69551, 'width': 1000}, 'SGD/eval/acc_task_1': 0.9976359338061466, 'SGD/eval/acc_task_2': 0.8315377081292851, 'SGD/eval/acc_task_3': 0.9722518676627536, 'SGD/eval/acc_task_4': 0.9879154078549848, 'SGD/eval/acc_task_5': 0.957639939485628, 'SGD/eval/bwt': -0.02961946404694074, 'SGD/global_epoch': 23, 'SGD/train/loss': 0.1449583861377027, '_runtime': 77, '_step': 34, '_timestamp': 1779476105.415377, '_wandb': {'runtime': 77}, 'best/average_accuracy': 0.9493961713877596, 'best/bwt': -0.02961946404694074, 'best/results': {'acc': {'1': [0.9981087470449173, 0.5053868756121449, 0.5240128068303095, 0.4823766364551863, 0.4911749873928392], '2': [0.998581560283688, 0.9613124387855044, 0.5218783351120597, 0.4823766364551863, 0.49016641452344933], '3': [0.998581560283688, 0.8888344760039177, 0.9599786552828176, 0.4823766364551863, 0.6651538073625819], '4': [0.998581560283688, 0.901077375122429, 0.9295624332977588, 0.988418932527694, 0.5728693898134141], '5': [0.9976359338061466, 0.8315377081292851, 0.9722518676627536, 0.9879154078549848, 0.957639939485628]}, 'bwt': -0.02961946404694074}, 'sgd/eval/average_accuracy': 0.9493961713877596, 'sgd/results': {'acc': {'1': [0.9981087470449173, 0.5053868756121449, 0.5240128068303095, 0.4823766364551863, 0.4911749873928392], '2': [0.998581560283688, 0.9613124387855044, 0.5218783351120597, 0.4823766364551863, 0.49016641452344933], '3': [0.998581560283688, 0.8888344760039177, 0.9599786552828176, 0.4823766364551863, 0.6651538073625819], '4': [0.998581560283688, 0.901077375122429, 0.9295624332977588, 0.988418932527694, 0.5728693898134141], '5': [0.9976359338061466, 0.8315377081292851, 0.9722518676627536, 0.9879154078549848, 0.957639939485628]}, 'bwt': -0.02961946404694074}, 'task': 5, 'task_completed': 5}","{'lr': 0.0005, 'lam': 0.001, 'beta': 0.1, 'seed': 811, 'task': 'split_mnist_mh', 'alpha': 0.3, 'model': 'TargetNetwork', 'saved': False, 'epochs': 10, 'warmup': False, 'damping': 0.01, 'methods': ['sgd'], 'normalize': False, 'num_tasks': 5, 'regulizer': False, 'batch_size': 10, 'check_vram': False, 'chunk_size': 1000, 'max_epochs': 5, 'device_mode': 'gpu', 'num_of_tasks': None, 'task_classes': [[0, 1], [2, 3], [4, 5], [6, 7], [8, 9]], 'experiment_id': 402, 'first_task_lr': 0.001, 'optimizer_cls': None, 'first_task_opt': 'sgd', 'fisher_samples': 12000, 'grads_per_task': 80, 'max_directions': 400, 'fisher_clipping': False, 'hyper_hidden_dim': 16, 'task_embedding_dim': 4, 'chunk_embedding_dim': 10}"
23,"{'EWC  Overlapping Accuracies (Colored)': {'_type': 'image-file', 'format': 'png', 'height': 600, 'path': 'media/images/EWC  Overlapping Accuracies (Colored)_28_fea5099bc02ab3f62f77.png', 'sha256': 'fea5099bc02ab3f62f77b1e40bd54a31b6089b6f23453f0d407a54a1757d8bbb', 'size': 60236, 'width': 1000}, 'EWC/eval/acc_task_1': 0.998581560283688, 'EWC/eval/acc_task_2': 0.9495592556317336, 'EWC/eval/acc_task_3': 0.9525080042689434, 'EWC/eval/acc_task_4': 0.9546827794561934, 'EWC/eval/acc_task_5': 0.8769541099344428, 'EWC/eval/bwt': -0.003406314854998843, 'EWC/global_epoch': 22, 'EWC/train/ewc_penalty': 0.1349303990097369, 'EWC/train/loss': 0.4688169954439341, 'EWC/train/reg_penalty': 0, '_runtime': 83, '_step': 33, '_timestamp': 1779715716.1340866, '_wandb': {'runtime': 83}, 'best/average_accuracy': 0.946457141915, 'best/bwt': -0.003406314854998843, 'best/results': {'acc': {'1': [0.998581560283688, 0.4941234084231146, 0.5240128068303095, 0.4823766364551863, 0.5088250126071608], '2': [0.998581560283688, 0.9495592556317336, 0.5240128068303095, 0.4823766364551863, 0.497226424609178], '3': [0.9981087470449173, 0.950048971596474, 0.953041622198506, 0.4808660624370594, 0.5103378719112456], '4': [0.998581560283688, 0.9476003917727718, 0.9487726787620064, 0.9677744209466264, 0.5088250126071608], '5': [0.998581560283688, 0.9495592556317336, 0.9525080042689434, 0.9546827794561934, 0.8769541099344428]}, 'bwt': -0.003406314854998843}, 'ewc/eval/average_accuracy': 0.946457141915, 'ewc/results': {'acc': {'1': [0.998581560283688, 0.4941234084231146, 0.5240128068303095, 0.4823766364551863, 0.5088250126071608], '2': [0.998581560283688, 0.9495592556317336, 0.5240128068303095, 0.4823766364551863, 0.497226424609178], '3': [0.9981087470449173, 0.950048971596474, 0.953041622198506, 0.4808660624370594, 0.5103378719112456], '4': [0.998581560283688, 0.9476003917727718, 0.9487726787620064, 0.9677744209466264, 0.5088250126071608], '5': [0.998581560283688, 0.9495592556317336, 0.9525080042689434, 0.9546827794561934, 0.8769541099344428]}, 'bwt': -0.003406314854998843}, 'task': 5, 'task_completed': 5}","{'lr': 0.0005, 'lam': 400, 'beta': 0.1, 'seed': 42, 'task': 'split_mnist_mh', 'alpha': 0.3, 'model': 'TargetNetwork', 'saved': False, 'epochs': 10, 'warmup': False, 'damping': 0.01, 'methods': ['ewc'], 'normalize': False, 'num_tasks': 5, 'regulizer': False, 'batch_size': 10, 'check_vram': False, 'chunk_size': 1000, 'max_epochs': 5, 'device_mode': 'gpu', 'num_of_tasks': None, 'task_classes': [[0, 1], [2, 3], [4, 5], [6, 7], [8, 9]], 'experiment_id': 402, 'first_task_lr': 0.001, 'optimizer_cls': None, 'first_task_opt': 'sgd', 'fisher_samples': 12000, 'grads_per_task': 80, 'max_directions': 400, 'fisher_clipping': False, 'hyper_hidden_dim': 16, 'task_embedding_dim': 4, 'chunk_embedding_dim': 10}"
24,"{'EWC  Overlapping Accuracies (Colored)': {'_type': 'image-file', 'format': 'png', 'height': 600, 'path': 'media/images/EWC  Overlapping Accuracies (Colored)_28_48f592a5588cf07c5f63.png', 'sha256': '48f592a5588cf07c5f6384983757f8f07cc5af97d2411851cbdc8d496eaaffc6', 'size': 61434, 'width': 1000}, 'EWC/eval/acc_task_1': 0.9981087470449173, 'EWC/eval/acc_task_2': 0.9480901077375122, 'EWC/eval/acc_task_3': 0.9156883671291356, 'EWC/eval/acc_task_4': 0.9561933534743202, 'EWC/eval/acc_task_5': 0.8260211800302572, 'EWC/eval/bwt': -0.0037634035903404695, 'EWC/global_epoch': 22, 'EWC/train/ewc_penalty': 0.10773331716782966, 'EWC/train/loss': 0.5770547538995743, 'EWC/train/reg_penalty': 0, '_runtime': 78, '_step': 33, '_timestamp': 1779715808.0452805, '_wandb': {'runtime': 78}, 'best/average_accuracy': 0.9288203510832284, 'best/bwt': -0.0037634035903404695, 'best/results': {'acc': {'1': [0.9981087470449173, 0.5984329089128305, 0.5240128068303095, 0.5181268882175226, 0.4911749873928392], '2': [0.9981087470449173, 0.9480901077375122, 0.5240128068303095, 0.7638469284994964, 0.4911749873928392], '3': [0.9981087470449173, 0.9485798237022528, 0.923692636072572, 0.7009063444108762, 0.4911749873928392], '4': [0.9981087470449173, 0.9471106758080312, 0.9103521878335112, 0.9632426988922456, 0.4911749873928392], '5': [0.9981087470449173, 0.9480901077375122, 0.9156883671291356, 0.9561933534743202, 0.8260211800302572]}, 'bwt': -0.0037634035903404695}, 'ewc/eval/average_accuracy': 0.9288203510832284, 'ewc/results': {'acc': {'1': [0.9981087470449173, 0.5984329089128305, 0.5240128068303095, 0.5181268882175226, 0.4911749873928392], '2': [0.9981087470449173, 0.9480901077375122, 0.5240128068303095, 0.7638469284994964, 0.4911749873928392], '3': [0.9981087470449173, 0.9485798237022528, 0.923692636072572, 0.7009063444108762, 0.4911749873928392], '4': [0.9981087470449173, 0.9471106758080312, 0.9103521878335112, 0.9632426988922456, 0.4911749873928392], '5': [0.9981087470449173, 0.9480901077375122, 0.9156883671291356, 0.9561933534743202, 0.8260211800302572]}, 'bwt': -0.0037634035903404695}, 'task': 5, 'task_completed': 5}","{'lr': 0.0005, 'lam': 400, 'beta': 0.1, 'seed': 1234, 'task': 'split_mnist_mh', 'alpha': 0.3, 'model': 'TargetNetwork', 'saved': False, 'epochs': 10, 'warmup': False, 'damping': 0.01, 'methods': ['ewc'], 'normalize': False, 'num_tasks': 5, 'regulizer': False, 'batch_size': 10, 'check_vram': False, 'chunk_size': 1000, 'max_epochs': 5, 'device_mode': 'gpu', 'num_of_tasks': None, 'task_classes': [[0, 1], [2, 3], [4, 5], [6, 7], [8, 9]], 'experiment_id': 402, 'first_task_lr': 0.001, 'optimizer_cls': None, 'first_task_opt': 'sgd', 'fisher_samples': 12000, 'grads_per_task': 80, 'max_directions': 400, 'fisher_clipping': False, 'hyper_hidden_dim': 16, 'task_embedding_dim': 4, 'chunk_embedding_dim': 10}"
25,"{'EWC  Overlapping Accuracies (Colored)': {'_type': 'image-file', 'format': 'png', 'height': 600, 'path': 'media/images/EWC  Overlapping Accuracies (Colored)_28_2c10a09e849f2239a0f6.png', 'sha256': '2c10a09e849f2239a0f698eecd03cd4b24ee241723b4449d20f959ae7c7d89ea', 'size': 60187, 'width': 1000}, 'EWC/eval/acc_task_1': 0.9990543735224586, 'EWC/eval/acc_task_2': 0.950048971596474, 'EWC/eval/acc_task_3': 0.8564567769477054, 'EWC/eval/acc_task_4': 0.9647532729103726, 'EWC/eval/acc_task_5': 0.848209783156833, 'EWC/eval/bwt': -0.005339627724124996, 'EWC/global_epoch': 22, 'EWC/train/ewc_penalty': 0.13008606169941062, 'EWC/train/loss': 0.5642587220517256, 'EWC/train/reg_penalty': 0, '_runtime': 78, '_step': 33, '_timestamp': 1779715896.3758645, '_wandb': {'runtime': 78}, 'best/average_accuracy': 0.9237046356267686, 'best/bwt': -0.005339627724124996, 'best/results': {'acc': {'1': [0.998581560283688, 0.5053868756121449, 0.5240128068303095, 0.4823766364551863, 0.4911749873928392], '2': [0.998581560283688, 0.9524975514201764, 0.5208110992529349, 0.4823766364551863, 0.4886535552193646], '3': [0.998581560283688, 0.9539666993143976, 0.8697972251867663, 0.4823766364551863, 0.5037821482602118], '4': [0.998581560283688, 0.9495592556317336, 0.8500533617929562, 0.97079556898288, 0.49067070095814425], '5': [0.9990543735224586, 0.950048971596474, 0.8564567769477054, 0.9647532729103726, 0.848209783156833]}, 'bwt': -0.005339627724124996}, 'ewc/eval/average_accuracy': 0.9237046356267686, 'ewc/results': {'acc': {'1': [0.998581560283688, 0.5053868756121449, 0.5240128068303095, 0.4823766364551863, 0.4911749873928392], '2': [0.998581560283688, 0.9524975514201764, 0.5208110992529349, 0.4823766364551863, 0.4886535552193646], '3': [0.998581560283688, 0.9539666993143976, 0.8697972251867663, 0.4823766364551863, 0.5037821482602118], '4': [0.998581560283688, 0.9495592556317336, 0.8500533617929562, 0.97079556898288, 0.49067070095814425], '5': [0.9990543735224586, 0.950048971596474, 0.8564567769477054, 0.9647532729103726, 0.848209783156833]}, 'bwt': -0.005339627724124996}, 'task': 5, 'task_completed': 5}","{'lr': 0.0005, 'lam': 400, 'beta': 0.1, 'seed': 811, 'task': 'split_mnist_mh', 'alpha': 0.3, 'model': 'TargetNetwork', 'saved': False, 'epochs': 10, 'warmup': False, 'damping': 0.01, 'methods': ['ewc'], 'normalize': False, 'num_tasks': 5, 'regulizer': False, 'batch_size': 10, 'check_vram': False, 'chunk_size': 1000, 'max_epochs': 5, 'device_mode': 'gpu', 'num_of_tasks': None, 'task_classes': [[0, 1], [2, 3], [4, 5], [6, 7], [8, 9]], 'experiment_id': 402, 'first_task_lr': 0.001, 'optimizer_cls': None, 'first_task_opt': 'sgd', 'fisher_samples': 12000, 'grads_per_task': 80, 'max_directions': 400, 'fisher_clipping': False, 'hyper_hidden_dim': 16, 'task_embedding_dim': 4, 'chunk_embedding_dim': 10}"
